[
  {
    "id": "c8175f1b-4f18-47fb-9abc-58092612c149",
    "data": [
      {
        "text": "search on ebay for a ",
        "userDefined": false
      },
      {
        "text": "shirt",
        "alias": "any",
        "meta": "@sys.any",
        "userDefined": true
      }
    ],
    "isTemplate": false,
    "count": 0
  },
  {
    "id": "deb68d5e-827f-4719-8151-ab3d6e7564d6",
    "data": [
      {
        "text": "find me a ",
        "userDefined": false
      },
      {
        "text": "hat",
        "alias": "any",
        "meta": "@sys.any",
        "userDefined": true
      },
      {
        "text": " on ebay",
        "userDefined": false
      }
    ],
    "isTemplate": false,
    "count": 0
  },
  {
    "id": "a7732b04-5352-46ad-b2f2-9cb256b2d7af",
    "data": [
      {
        "text": "can you find me a ",
        "userDefined": false
      },
      {
        "text": "toilet",
        "alias": "any",
        "meta": "@sys.any",
        "userDefined": true
      },
      {
        "text": "?",
        "userDefined": false
      }
    ],
    "isTemplate": false,
    "count": 0
  },
  {
    "id": "4f4759eb-965e-40df-b6aa-bd18646fb11f",
    "data": [
      {
        "text": "can you find a ",
        "userDefined": false
      },
      {
        "text": "toilet",
        "alias": "any",
        "meta": "@sys.any",
        "userDefined": true
      },
      {
        "text": "?",
        "userDefined": false
      }
    ],
    "isTemplate": false,
    "count": 0
  },
  {
    "id": "d6803ade-8ff0-4854-90a5-064091f40669",
    "data": [
      {
        "text": "find a ",
        "userDefined": false
      },
      {
        "text": "brush",
        "alias": "any",
        "meta": "@sys.any",
        "userDefined": true
      }
    ],
    "isTemplate": false,
    "count": 0
  },
  {
    "id": "8b04cfd8-82c8-47d9-8d00-e86611ecee59",
    "data": [
      {
        "text": "find me a ",
        "userDefined": false
      },
      {
        "text": "table",
        "alias": "any",
        "meta": "@sys.any",
        "userDefined": true
      }
    ],
    "isTemplate": false,
    "count": 0
  },
  {
    "id": "12e2ccd7-0d83-4a7b-ae07-1ad626e4fa2f",
    "data": [
      {
        "text": "can you find ",
        "userDefined": false
      },
      {
        "text": "harry potter and the gobelins",
        "alias": "any",
        "meta": "@sys.any",
        "userDefined": true
      }
    ],
    "isTemplate": false,
    "count": 0
  },
  {
    "id": "066a71c7-3259-441a-b61f-9f0629092241",
    "data": [
      {
        "text": "find a ",
        "userDefined": false
      },
      {
        "text": "pen",
        "alias": "any",
        "meta": "@sys.any",
        "userDefined": true
      }
    ],
    "isTemplate": false,
    "count": 0
  },
  {
    "id": "8eff7618-ec73-47ba-b2be-da2a912a2795",
    "data": [
      {
        "text": "Search for ",
        "userDefined": false
      },
      {
        "text": "laser",
        "alias": "any",
        "meta": "@sys.any",
        "userDefined": true
      }
    ],
    "isTemplate": false,
    "count": 0,
    "updated": 1515837133
  },
  {
    "id": "8826e156-13b1-40fa-8cad-851d86de7976",
    "data": [
      {
        "text": "Find ",
        "userDefined": false
      },
      {
        "text": "product",
        "alias": "any",
        "meta": "@sys.any",
        "userDefined": true
      }
    ],
    "isTemplate": false,
    "count": 0,
    "updated": 1515837133
  }
]